match_loser,match_winner,season,stage,match_id
Dallas Fuel,Seoul Dynasty,1,Four,10623
London Spitfire,Shanghai Dragons,2,One,21266
Hangzhou Spark,Vancouver Titans,2,Two,21295
Houston Outlaws,Los Angeles Gladiators,1,Four,10457
Shanghai Dragons,Toronto Defiant,2,Four,21399
Boston Uprising,Vancouver Titans,3,OWL 2020 Regular Season,34604
Toronto Defiant,London Spitfire,2,Three,21319
Los Angeles Valiant,London Spitfire,1,One,10244
San Francisco Shock,Chengdu Hunters,2,Three,21338
London Spitfire,Atlanta Reign,2,Four,21504
Florida Mayhem,Houston Outlaws,1,One,10252
Houston Outlaws,Philadelphia Fusion,1,Three,10350
Hangzhou Spark,San Francisco Shock,2,One,21262
Houston Outlaws,Vancouver Titans,2,Two,21341
Vancouver Titans,San Francisco Shock,2,Four,21521
San Francisco Shock,Dallas Fuel,1,One,10255
San Francisco Shock,Los Angeles Valiant,1,Two,10291
Dallas Fuel,Guangzhou Charge,2,Four,21512
Los Angeles Gladiators,Hangzhou Spark,2,Four,21484
London Spitfire,Houston Outlaws,1,Four,10448
Dallas Fuel,Florida Mayhem,3,OWL 2020 Regular Season,34632
Los Angeles Gladiators,Paris Eternal,3,OWL 2020 Regular Season,34221
Los Angeles Valiant,Paris Eternal,3,OWL 2020 Regular Season,34641
Dallas Fuel,Boston Uprising,1,One,10256
Dallas Fuel,Vancouver Titans,2,Three,21402
Shanghai Dragons,Dallas Fuel,1,Four,10445
Guangzhou Charge,Seoul Dynasty,2,Three,21317
Hangzhou Spark,Los Angeles Gladiators,2,Season 2 Championship,30152
Los Angeles Gladiators,Philadelphia Fusion,1,Two,10576
Los Angeles Valiant,Seoul Dynasty,1,Two,10278
Florida Mayhem,Vancouver Titans,2,Four,21398
Florida Mayhem,Boston Uprising,2,One,21312
New York Excelsior,Los Angeles Gladiators,2,Four,21423
Boston Uprising,Toronto Defiant,3,OWL 2020 Regular Season,31066
Los Angeles Gladiators,Vancouver Titans,2,Season 2 Championship,30155
Los Angeles Gladiators,London Spitfire,1,Inaugural Championship,13125
New York Excelsior,Vancouver Titans,2,Two - Title,20317
Philadelphia Fusion,Boston Uprising,1,One,10567
Dallas Fuel,San Francisco Shock,1,Three,10358
Guangzhou Charge,Chengdu Hunters,2,One,21212
Washington Justice,Los Angeles Valiant,2,Two,21287
Los Angeles Valiant,Seoul Dynasty,3,OWL 2020 Regular Season,33021
London Spitfire,Hangzhou Spark,2,Two - Title,20312
Hangzhou Spark,Guangzhou Charge,3,OWL 2020 Regular Season,32844
Philadelphia Fusion,Los Angeles Valiant,1,One,10259
Los Angeles Gladiators,Seoul Dynasty,2,One,21231
Chengdu Hunters,Vancouver Titans,2,Three,21385
New York Excelsior,Guangzhou Charge,3,OWL 2020 Regular Season,34642
Boston Uprising,Paris Eternal,3,OWL 2020 Regular Season,34491
Los Angeles Gladiators,London Spitfire,2,One,21129
Shanghai Dragons,Los Angeles Valiant,1,Three,10340
Shanghai Dragons,Dallas Fuel,1,Three,10333
Los Angeles Valiant,Hangzhou Spark,2,Three,21309
Seoul Dynasty,Shanghai Dragons,3,OWL 2020 Regular Season,34608
Florida Mayhem,London Spitfire,1,Four,10625
London Spitfire,Los Angeles Valiant,1,Four,10482
Hangzhou Spark,London Spitfire,2,One,21301
Houston Outlaws,Atlanta Reign,3,OWL 2020 Regular Season,34201
Chengdu Hunters,Seoul Dynasty,2,Three,21451
Florida Mayhem,Dallas Fuel,2,Two,21371
Boston Uprising,London Spitfire,2,Two,21342
Houston Outlaws,New York Excelsior,1,Two,10300
Los Angeles Valiant,Seoul Dynasty,2,Four,21389
Dallas Fuel,Los Angeles Valiant,1,Two,10298
Dallas Fuel,Los Angeles Valiant,2,Four,21455
Los Angeles Gladiators,Houston Outlaws,1,One,10258
London Spitfire,Los Angeles Valiant,2,Three,21421
Dallas Fuel,Seoul Dynasty,2,Two,21325
Philadelphia Fusion,New York Excelsior,1,Four,10467
Toronto Defiant,Dallas Fuel,3,OWL 2020 Regular Season,34605
Chengdu Hunters,Guangzhou Charge,3,OWL 2020 Regular Season,32863
Los Angeles Valiant,Dallas Fuel,1,Four,10629
Boston Uprising,Chengdu Hunters,2,Four,21388
Philadelphia Fusion,San Francisco Shock,2,One - Title,20307
Philadelphia Fusion,Los Angeles Gladiators,1,Four,10472
Boston Uprising,Philadelphia Fusion,1,Two,10283
Paris Eternal,Hangzhou Spark,2,Two,21361
Florida Mayhem,Los Angeles Gladiators,1,Four,10459
Vancouver Titans,Washington Justice,2,Four,21408
New York Excelsior,London Spitfire,1,Two,10284
Chengdu Hunters,Los Angeles Valiant,2,Two,21372
Seoul Dynasty,Los Angeles Gladiators,2,Two,21321
Houston Outlaws,Florida Mayhem,3,OWL 2020 Regular Season,34606
Florida Mayhem,Houston Outlaws,1,Four,10478
New York Excelsior,Shanghai Dragons,3,OWL 2020 Regular Season,34517
Dallas Fuel,Vancouver Titans,2,Two,21286
Houston Outlaws,Washington Justice,2,Four,21483
Los Angeles Valiant,New York Excelsior,2,One,21242
Houston Outlaws,Atlanta Reign,2,One,21218
Washington Justice,London Spitfire,2,One,21210
San Francisco Shock,Los Angeles Valiant,1,One,10223
Vancouver Titans,Los Angeles Valiant,2,Three,21330
Houston Outlaws,Dallas Fuel,2,Two,21314
Florida Mayhem,New York Excelsior,2,Three,21461
Dallas Fuel,Los Angeles Gladiators,1,Three,10339
Chengdu Hunters,London Spitfire,3,OWL 2020 Regular Season,34223
New York Excelsior,Guangzhou Charge,3,OWL 2020 Regular Season,34222
London Spitfire,Chengdu Hunters,2,Two,21289
Washington Justice,Los Angeles Gladiators,2,Three,21368
Shanghai Dragons,San Francisco Shock,2,Two - Title,20311
Houston Outlaws,Washington Justice,3,OWL 2020 Regular Season,31005
Philadelphia Fusion,Los Angeles Gladiators,1,One,10240
Dallas Fuel,Vancouver Titans,2,Two - Title,20314
Los Angeles Gladiators,Los Angeles Valiant,1,One,10249
Florida Mayhem,Seoul Dynasty,2,Three,21348
Dallas Fuel,San Francisco Shock,3,OWL 2020 Regular Season,30998
Hangzhou Spark,Shanghai Dragons,3,OWL 2020 Regular Season,32845
London Spitfire,New York Excelsior,3,OWL 2020 Regular Season,30992
Florida Mayhem,Los Angeles Gladiators,1,Two,10320
Florida Mayhem,London Spitfire,1,Three,10349
Houston Outlaws,Philadelphia Fusion,2,Two,21250
Shanghai Dragons,Houston Outlaws,1,One,10237
Houston Outlaws,San Francisco Shock,1,Two,10324
Philadelphia Fusion,London Spitfire,1,Inaugural Championship,13134
Washington Justice,Florida Mayhem,3,OWL 2020 Regular Season,34190
Florida Mayhem,Los Angeles Valiant,1,Three,10377
Shanghai Dragons,Los Angeles Gladiators,1,Two,10292
Los Angeles Valiant,New York Excelsior,1,Two,10586
Dallas Fuel,Seoul Dynasty,1,Two,10290
Washington Justice,Philadelphia Fusion,2,One,21252
Dallas Fuel,Guangzhou Charge,2,One,21272
San Francisco Shock,London Spitfire,1,One,10247
Chengdu Hunters,Shanghai Dragons,2,Two,21258
Shanghai Dragons,Seoul Dynasty,1,Three,10359
Hangzhou Spark,San Francisco Shock,2,Two,21351
Florida Mayhem,Los Angeles Valiant,3,OWL 2020 Regular Season,34611
London Spitfire,San Francisco Shock,2,Season 2 Championship,30164
Philadelphia Fusion,London Spitfire,1,Inaugural Championship,13133
Dallas Fuel,Florida Mayhem,1,Three,10371
London Spitfire,Boston Uprising,1,Three,10361
Seoul Dynasty,Los Angeles Valiant,1,Three,10334
Atlanta Reign,San Francisco Shock,2,Three,21300
San Francisco Shock,Philadelphia Fusion,1,Four,10484
Philadelphia Fusion,Seoul Dynasty,1,Two,10305
Washington Justice,Paris Eternal,3,OWL 2020 Regular Season,31012
Chengdu Hunters,Shanghai Dragons,3,OWL 2020 Regular Season,32832
Boston Uprising,Paris Eternal,2,Three,21367
Houston Outlaws,New York Excelsior,1,Three,10355
Florida Mayhem,Houston Outlaws,1,Two,10310
Boston Uprising,Shanghai Dragons,2,One,21281
London Spitfire,New York Excelsior,3,OWL 2020 Regular Season,34613
Toronto Defiant,Guangzhou Charge,2,Three,21369
San Francisco Shock,New York Excelsior,1,Four,10489
Dallas Fuel,New York Excelsior,1,Two,10580
Washington Justice,Houston Outlaws,2,Three,21431
Florida Mayhem,New York Excelsior,1,Four,10447
Florida Mayhem,Boston Uprising,1,One,10230
Washington Justice,Atlanta Reign,2,Four,21458
Florida Mayhem,Guangzhou Charge,2,One,21214
Seoul Dynasty,Boston Uprising,2,One,21223
Toronto Defiant,Vancouver Titans,2,Two,21335
Dallas Fuel,Seoul Dynasty,1,One,10225
Boston Uprising,New York Excelsior,2,One,21221
Hangzhou Spark,Shanghai Dragons,3,OWL 2020 Regular Season,32864
Hangzhou Spark,London Spitfire,3,OWL 2020 Regular Season,34607
Houston Outlaws,Florida Mayhem,3,OWL 2020 Regular Season,31001
Los Angeles Valiant,Los Angeles Gladiators,1,Two,10304
Chengdu Hunters,Shanghai Dragons,3,OWL 2020 Regular Season,34614
Dallas Fuel,London Spitfire,2,Four,21425
Houston Outlaws,Paris Eternal,3,OWL 2020 Regular Season,31073
Philadelphia Fusion,San Francisco Shock,2,Two,21298
Dallas Fuel,Chengdu Hunters,2,Three,21320
Dallas Fuel,New York Excelsior,1,Three,10593
Los Angeles Gladiators,Houston Outlaws,2,Four,21454
Houston Outlaws,New York Excelsior,1,Four,10627
Houston Outlaws,London Spitfire,3,OWL 2020 Regular Season,31025
Shanghai Dragons,Los Angeles Gladiators,1,Four,10621
Atlanta Reign,Philadelphia Fusion,2,One,21261
Philadelphia Fusion,Florida Mayhem,3,OWL 2020 Regular Season,34507
Los Angeles Gladiators,Seoul Dynasty,1,Two,10297
Chengdu Hunters,Hangzhou Spark,2,Four,21463
Chengdu Hunters,Seoul Dynasty,3,OWL 2020 Regular Season,34601
Los Angeles Gladiators,San Francisco Shock,2,Season 2 Championship,30159
Dallas Fuel,New York Excelsior,1,Four - Title,10547
London Spitfire,Paris Eternal,3,OWL 2020 Regular Season,30995
Toronto Defiant,London Spitfire,2,Four,21482
Chengdu Hunters,Los Angeles Valiant,2,Three,21375
Florida Mayhem,Philadelphia Fusion,3,OWL 2020 Regular Season,31006
Dallas Fuel,Los Angeles Valiant,3,OWL 2020 Regular Season,30994
Florida Mayhem,Philadelphia Fusion,1,Two,10287
Washington Justice,Dallas Fuel,2,Three,21318
Boston Uprising,London Spitfire,1,Two,10308
Boston Uprising,New York Excelsior,1,Two,10295
Washington Justice,Guangzhou Charge,2,Three,21406
Vancouver Titans,Florida Mayhem,3,OWL 2020 Regular Season,34195
Washington Justice,Dallas Fuel,3,OWL 2020 Regular Season,33071
Shanghai Dragons,Los Angeles Gladiators,1,One,10224
London Spitfire,Boston Uprising,1,One,10250
Boston Uprising,Philadelphia Fusion,1,Four,10446
Los Angeles Gladiators,New York Excelsior,1,One,10245
Florida Mayhem,Atlanta Reign,3,OWL 2020 Regular Season,31060
Atlanta Reign,Shanghai Dragons,2,Three,21383
Washington Justice,Atlanta Reign,3,OWL 2020 Regular Season,32862
San Francisco Shock,London Spitfire,1,Three,10378
Seoul Dynasty,New York Excelsior,1,Three,10379
Seoul Dynasty,Shanghai Dragons,2,Four,21433
Seoul Dynasty,New York Excelsior,1,One,10253
Washington Justice,San Francisco Shock,3,OWL 2020 Regular Season,34610
Florida Mayhem,Los Angeles Valiant,2,Four,21456
Florida Mayhem,Los Angeles Gladiators,2,Two,21259
Los Angeles Gladiators,New York Excelsior,1,Three,10367
Los Angeles Valiant,Seoul Dynasty,2,Two,21362
Los Angeles Gladiators,Hangzhou Spark,2,One,21254
Boston Uprising,Toronto Defiant,3,OWL 2020 Regular Season,32855
Philadelphia Fusion,Boston Uprising,1,Inaugural Championship,13122
New York Excelsior,Boston Uprising,1,Three,10348
Vancouver Titans,Atlanta Reign,3,OWL 2020 Regular Season,34627
Toronto Defiant,New York Excelsior,2,One,21253
Florida Mayhem,Chengdu Hunters,2,One,21234
Houston Outlaws,Paris Eternal,2,Four,21358
New York Excelsior,Chengdu Hunters,2,Four,21417
Paris Eternal,Florida Mayhem,3,OWL 2020 Regular Season,32856
Toronto Defiant,Florida Mayhem,2,Four,21473
Hangzhou Spark,San Francisco Shock,2,Season 2 Championship,30160
London Spitfire,Los Angeles Gladiators,1,Four,10488
Chengdu Hunters,San Francisco Shock,2,Four,21464
Guangzhou Charge,Shanghai Dragons,3,OWL 2020 Regular Season,32811
Shanghai Dragons,Vancouver Titans,2,Four,21424
Seoul Dynasty,Hangzhou Spark,2,Season 2 Championship,30161
Chengdu Hunters,Seoul Dynasty,2,One,21233
Seoul Dynasty,Boston Uprising,1,Three,10365
Los Angeles Gladiators,Boston Uprising,1,Two,10587
Boston Uprising,New York Excelsior,1,One,10228
Shanghai Dragons,Houston Outlaws,1,Four,10473
Chengdu Hunters,Shanghai Dragons,3,OWL 2020 Regular Season,32843
Seoul Dynasty,New York Excelsior,1,Two,10315
Toronto Defiant,Washington Justice,2,Four,21452
Atlanta Reign,Philadelphia Fusion,2,Three,21413
Atlanta Reign,Philadelphia Fusion,3,OWL 2020 Regular Season,31064
Atlanta Reign,Philadelphia Fusion,2,One - Title,20303
Florida Mayhem,London Spitfire,1,One,10226
Shanghai Dragons,Boston Uprising,1,Two,10307
Philadelphia Fusion,New York Excelsior,1,Two - Title,10542
Boston Uprising,Philadelphia Fusion,3,OWL 2020 Regular Season,31029
Shanghai Dragons,Boston Uprising,1,Four,10485
Vancouver Titans,Shanghai Dragons,2,Three - Title,20325
San Francisco Shock,Los Angeles Valiant,3,OWL 2020 Regular Season,32814
Shanghai Dragons,London Spitfire,2,Season 2 Championship,30175
Los Angeles Valiant,Los Angeles Gladiators,2,Two,21249
Chengdu Hunters,New York Excelsior,3,OWL 2020 Regular Season,34513
Hangzhou Spark,Seoul Dynasty,3,OWL 2020 Regular Season,34512
Shanghai Dragons,New York Excelsior,1,Three,10595
Boston Uprising,Hangzhou Spark,2,Two,21322
Los Angeles Valiant,San Francisco Shock,3,OWL 2020 Regular Season,32827
Los Angeles Gladiators,Philadelphia Fusion,3,OWL 2020 Regular Season,34503
Florida Mayhem,Boston Uprising,1,Four,10632
Shanghai Dragons,New York Excelsior,1,Two,10317
Toronto Defiant,Atlanta Reign,2,Three,21387
Dallas Fuel,Chengdu Hunters,2,Three,21326
San Francisco Shock,New York Excelsior,1,Two,10312
Chengdu Hunters,New York Excelsior,3,OWL 2020 Regular Season,34228
Dallas Fuel,Philadelphia Fusion,1,Two,10325
San Francisco Shock,Boston Uprising,1,Two,10581
Vancouver Titans,Chengdu Hunters,3,OWL 2020 Regular Season,33081
Philadelphia Fusion,Seoul Dynasty,1,Three,10374
Shanghai Dragons,Los Angeles Valiant,1,Two,10289
Dallas Fuel,San Francisco Shock,3,OWL 2020 Regular Season,34501
Florida Mayhem,Hangzhou Spark,2,Three,21414
Vancouver Titans,Toronto Defiant,3,OWL 2020 Regular Season,34624
Shanghai Dragons,Dallas Fuel,2,One,21245
Houston Outlaws,London Spitfire,1,One - Title,10537
Florida Mayhem,New York Excelsior,1,Two,10282
Houston Outlaws,Florida Mayhem,2,Three,21395
Philadelphia Fusion,New York Excelsior,1,Two,10309
Dallas Fuel,New York Excelsior,2,Three,21405
Vancouver Titans,Philadelphia Fusion,3,OWL 2020 Regular Season,34235
Los Angeles Gladiators,Boston Uprising,1,Three,10594
London Spitfire,Philadelphia Fusion,2,One,21211
Boston Uprising,Philadelphia Fusion,1,Inaugural Championship,13123
Paris Eternal,Atlanta Reign,2,One,21263
Shanghai Dragons,Seoul Dynasty,1,One,10248
Guangzhou Charge,Los Angeles Valiant,2,Three,21411
New York Excelsior,Shanghai Dragons,3,OWL 2020 Regular Season,34233
Guangzhou Charge,Vancouver Titans,2,One,21291
New York Excelsior,Philadelphia Fusion,1,One,10251
London Spitfire,Dallas Fuel,1,Four,10476
Washington Justice,Seoul Dynasty,2,One,21265
Hangzhou Spark,Vancouver Titans,2,Three,21401
Shanghai Dragons,London Spitfire,1,Two,10584
Shanghai Dragons,Seoul Dynasty,1,Four,10468
London Spitfire,Florida Mayhem,2,Four,21407
Dallas Fuel,Philadelphia Fusion,1,Three,10588
Seoul Dynasty,Hangzhou Spark,2,Two,21373
Chengdu Hunters,London Spitfire,3,OWL 2020 Regular Season,34621
Houston Outlaws,Philadelphia Fusion,1,Two,10294
London Spitfire,New York Excelsior,2,Three,21350
London Spitfire,New York Excelsior,2,Three,21403
San Francisco Shock,Atlanta Reign,2,Season 2 Championship,30154
London Spitfire,San Francisco Shock,2,Three,21357
Florida Mayhem,London Spitfire,3,OWL 2020 Regular Season,31031
Hangzhou Spark,Toronto Defiant,2,One,21284
Philadelphia Fusion,Houston Outlaws,1,Four,10624
Atlanta Reign,Los Angeles Gladiators,2,One,21292
Los Angeles Gladiators,Dallas Fuel,1,Two,10285
Los Angeles Valiant,Hangzhou Spark,2,One,21251
Chengdu Hunters,Toronto Defiant,2,One,21283
London Spitfire,Vancouver Titans,2,Four,21444
Philadelphia Fusion,Vancouver Titans,2,Four,21492
San Francisco Shock,Los Angeles Gladiators,1,Two,10280
Florida Mayhem,Los Angeles Gladiators,1,Three,10589
San Francisco Shock,Los Angeles Valiant,1,Three,10346
Washington Justice,Philadelphia Fusion,3,OWL 2020 Regular Season,31002
San Francisco Shock,Seoul Dynasty,1,Two,10286
London Spitfire,Houston Outlaws,1,Three,10338
Los Angeles Valiant,Boston Uprising,1,One,10270
Atlanta Reign,Hangzhou Spark,2,Season 2 Championship,30162
Toronto Defiant,San Francisco Shock,3,OWL 2020 Regular Season,34196
Chengdu Hunters,Vancouver Titans,2,One,21274
Washington Justice,Philadelphia Fusion,2,Three,21380
Chengdu Hunters,New York Excelsior,3,OWL 2020 Regular Season,32829
Florida Mayhem,New York Excelsior,3,OWL 2020 Regular Season,31023
Boston Uprising,Florida Mayhem,2,Four,21410
Shanghai Dragons,Hangzhou Spark,2,Four,21514
Philadelphia Fusion,Guangzhou Charge,2,Four,21340
Boston Uprising,Washington Justice,2,Two,21364
Chengdu Hunters,Shanghai Dragons,2,One,21215
Paris Eternal,Philadelphia Fusion,3,OWL 2020 Regular Season,31094
Dallas Fuel,Los Angeles Valiant,1,One,10229
Los Angeles Valiant,London Spitfire,1,Inaugural Championship,13127
Paris Eternal,Dallas Fuel,2,Two,21297
Boston Uprising,Guangzhou Charge,2,Four,21397
Chengdu Hunters,Hangzhou Spark,2,Two,21344
Houston Outlaws,San Francisco Shock,1,Three,10590
New York Excelsior,Philadelphia Fusion,3,OWL 2020 Regular Season,31010
Washington Justice,Atlanta Reign,2,Two,21240
Shanghai Dragons,Los Angeles Valiant,1,Four,10453
Guangzhou Charge,Vancouver Titans,2,One,21268
Shanghai Dragons,Vancouver Titans,2,One,21222
Toronto Defiant,Boston Uprising,2,Two,21305
Houston Outlaws,London Spitfire,2,Four,21474
Toronto Defiant,Atlanta Reign,3,OWL 2020 Regular Season,31024
Boston Uprising,Los Angeles Valiant,1,Four,10461
Philadelphia Fusion,Shanghai Dragons,2,Three,21432
London Spitfire,Shanghai Dragons,3,OWL 2020 Regular Season,34635
Boston Uprising,Seoul Dynasty,1,One,10241
Houston Outlaws,New York Excelsior,3,OWL 2020 Regular Season,31016
Houston Outlaws,London Spitfire,2,Two,21347
Washington Justice,San Francisco Shock,2,One,21273
Shanghai Dragons,Seoul Dynasty,2,Four,21427
Dallas Fuel,New York Excelsior,1,One,10269
Toronto Defiant,New York Excelsior,2,Three,21415
Paris Eternal,San Francisco Shock,3,OWL 2020 Regular Season,34619
Florida Mayhem,Boston Uprising,1,Three,10356
Philadelphia Fusion,Shanghai Dragons,2,Season 2 Championship,30173
Los Angeles Valiant,Dallas Fuel,3,OWL 2020 Regular Season,32817
Paris Eternal,Washington Justice,2,Four,21465
London Spitfire,Shanghai Dragons,3,OWL 2020 Regular Season,34193
Washington Justice,Toronto Defiant,2,Two,21275
Guangzhou Charge,Los Angeles Gladiators,2,One,21311
Florida Mayhem,Philadelphia Fusion,1,Three,10342
Florida Mayhem,Seoul Dynasty,1,One,10236
Dallas Fuel,Seoul Dynasty,1,Three,10347
Dallas Fuel,San Francisco Shock,2,One,21126
Los Angeles Gladiators,Seoul Dynasty,1,One,10234
Toronto Defiant,San Francisco Shock,2,Two,21306
Los Angeles Gladiators,Boston Uprising,1,Three - Title,10543
Philadelphia Fusion,London Spitfire,1,Two,10299
Shanghai Dragons,San Francisco Shock,1,One,10231
Toronto Defiant,Florida Mayhem,3,OWL 2020 Regular Season,31036
Dallas Fuel,Boston Uprising,2,One,21267
Vancouver Titans,Washington Justice,3,OWL 2020 Regular Season,34211
Vancouver Titans,Toronto Defiant,3,OWL 2020 Regular Season,34495
Dallas Fuel,Houston Outlaws,1,One,10238
Boston Uprising,London Spitfire,2,Three,21382
Paris Eternal,New York Excelsior,2,Four,21416
Seoul Dynasty,Guangzhou Charge,2,Four,21436
Dallas Fuel,Hangzhou Spark,2,Four,21457
Florida Mayhem,Atlanta Reign,2,Three,21442
Dallas Fuel,Los Angeles Gladiators,2,Three,21336
Chengdu Hunters,Hangzhou Spark,3,OWL 2020 Regular Season,32854
Florida Mayhem,Philadelphia Fusion,1,One,10575
Guangzhou Charge,Hangzhou Spark,2,Two,21260
Boston Uprising,Dallas Fuel,1,Four,10455
Guangzhou Charge,San Francisco Shock,2,Two,21269
New York Excelsior,Los Angeles Valiant,1,Four,10477
Houston Outlaws,Seoul Dynasty,2,Two,21334
Boston Uprising,New York Excelsior,3,OWL 2020 Regular Season,30996
Atlanta Reign,Boston Uprising,2,Two,21293
London Spitfire,New York Excelsior,1,Three,10344
Chengdu Hunters,Hangzhou Spark,3,OWL 2020 Regular Season,31003
Los Angeles Valiant,Houston Outlaws,1,Three,10370
Florida Mayhem,San Francisco Shock,3,OWL 2020 Regular Season,34506
New York Excelsior,San Francisco Shock,2,Season 2 Championship,30158
Paris Eternal,Houston Outlaws,2,Three,21394
Dallas Fuel,Boston Uprising,1,Three,10375
Chengdu Hunters,Hangzhou Spark,3,OWL 2020 Regular Season,32826
Houston Outlaws,Los Angeles Valiant,1,Two,10306
Washington Justice,Philadelphia Fusion,3,OWL 2020 Regular Season,31059
New York Excelsior,Philadelphia Fusion,1,Inaugural Championship,13130
Houston Outlaws,New York Excelsior,2,One,21235
Boston Uprising,Vancouver Titans,2,Two,21288
San Francisco Shock,London Spitfire,1,Four,10458
Shanghai Dragons,Los Angeles Valiant,2,Three,21328
Houston Outlaws,San Francisco Shock,1,Four,10463
Los Angeles Gladiators,Los Angeles Valiant,1,Four - Title,10546
Florida Mayhem,Boston Uprising,1,Two,10296
San Francisco Shock,New York Excelsior,1,Three,10373
Shanghai Dragons,Philadelphia Fusion,1,One,10254
Chengdu Hunters,Guangzhou Charge,3,OWL 2020 Regular Season,34609
Paris Eternal,New York Excelsior,2,Three,21290
New York Excelsior,Guangzhou Charge,2,Four,21437
London Spitfire,Seoul Dynasty,2,One,21217
Shanghai Dragons,Philadelphia Fusion,1,Two,10316
Shanghai Dragons,San Francisco Shock,1,Three,10352
Guangzhou Charge,Los Angeles Gladiators,2,Two,21278
Dallas Fuel,Paris Eternal,3,OWL 2020 Regular Season,34241
Los Angeles Valiant,Los Angeles Gladiators,2,Four,21419
Seoul Dynasty,San Francisco Shock,2,Four,21453
New York Excelsior,Seoul Dynasty,2,One - Title,20301
New York Excelsior,Shanghai Dragons,2,Three - Title,20322
Atlanta Reign,Guangzhou Charge,2,Two,21343
Shanghai Dragons,Los Angeles Valiant,1,One,10572
Los Angeles Gladiators,Vancouver Titans,2,Three,21422
Atlanta Reign,Los Angeles Gladiators,3,OWL 2020 Regular Season,34631
Toronto Defiant,Philadelphia Fusion,3,OWL 2020 Regular Season,31017
Florida Mayhem,Houston Outlaws,2,One,21130
Hangzhou Spark,Guangzhou Charge,2,Four,21390
Seoul Dynasty,San Francisco Shock,2,Three - Title,20323
Florida Mayhem,Los Angeles Valiant,1,Four,10456
Boston Uprising,Los Angeles Valiant,3,OWL 2020 Regular Season,34189
Boston Uprising,Philadelphia Fusion,1,Inaugural Championship,13121
Houston Outlaws,Toronto Defiant,2,One,21177
Seoul Dynasty,Vancouver Titans,2,Season 2 Championship,30151
San Francisco Shock,Los Angeles Gladiators,1,Four,10443
Philadelphia Fusion,Paris Eternal,3,OWL 2020 Regular Season,31042
Boston Uprising,Atlanta Reign,2,Four,21446
Florida Mayhem,Seoul Dynasty,1,Four,10474
Seoul Dynasty,London Spitfire,1,Three,10596
Paris Eternal,Los Angeles Valiant,3,OWL 2020 Regular Season,34502
Vancouver Titans,Guangzhou Charge,3,OWL 2020 Regular Season,33022
San Francisco Shock,Los Angeles Gladiators,2,One,21128
Boston Uprising,San Francisco Shock,1,Four,10475
Philadelphia Fusion,Florida Mayhem,2,One,21232
Toronto Defiant,Houston Outlaws,2,Three,21339
Los Angeles Valiant,Los Angeles Gladiators,3,OWL 2020 Regular Season,32861
Toronto Defiant,Philadelphia Fusion,2,Four,21501
Toronto Defiant,Philadelphia Fusion,2,Two,21277
Boston Uprising,Houston Outlaws,3,OWL 2020 Regular Season,31087
Shanghai Dragons,Hangzhou Spark,2,One,21176
Guangzhou Charge,San Francisco Shock,2,Two,21331
Guangzhou Charge,Shanghai Dragons,3,OWL 2020 Regular Season,32831
Atlanta Reign,Los Angeles Valiant,2,Two,21296
Boston Uprising,Florida Mayhem,3,OWL 2020 Regular Season,32823
Seoul Dynasty,Philadelphia Fusion,1,Four,10487
Shanghai Dragons,San Francisco Shock,1,Four,10631
London Spitfire,New York Excelsior,2,Season 2 Championship,30153
Shanghai Dragons,Seoul Dynasty,1,Two,10302
Los Angeles Gladiators,Seoul Dynasty,3,OWL 2020 Regular Season,32857
San Francisco Shock,Houston Outlaws,1,One,10261
Houston Outlaws,San Francisco Shock,3,OWL 2020 Regular Season,34230
Hangzhou Spark,Houston Outlaws,2,One,21179
Florida Mayhem,San Francisco Shock,2,Three,21412
Los Angeles Gladiators,Paris Eternal,2,One,21243
Paris Eternal,Houston Outlaws,3,OWL 2020 Regular Season,31037
Florida Mayhem,New York Excelsior,1,Three,10336
Los Angeles Gladiators,Los Angeles Valiant,1,Three,10357
Dallas Fuel,Hangzhou Spark,2,Three,21386
Florida Mayhem,Atlanta Reign,2,One,21241
San Francisco Shock,Shanghai Dragons,2,Three - Title,20326
Guangzhou Charge,Shanghai Dragons,3,OWL 2020 Regular Season,32852
Los Angeles Valiant,San Francisco Shock,2,Two,21238
Los Angeles Gladiators,San Francisco Shock,1,Three,10335
Seoul Dynasty,Shanghai Dragons,3,OWL 2020 Regular Season,34516
Houston Outlaws,Vancouver Titans,2,Three - Title,20321
Vancouver Titans,San Francisco Shock,2,Season 2 Championship,30157
Los Angeles Valiant,Shanghai Dragons,2,Three,21374
Seoul Dynasty,London Spitfire,1,Two,10323
Seoul Dynasty,Boston Uprising,1,Four,10479
Hangzhou Spark,New York Excelsior,2,Four,21511
Paris Eternal,Seoul Dynasty,2,Three,21356
Shanghai Dragons,Los Angeles Gladiators,2,Two,21219
Dallas Fuel,Vancouver Titans,3,OWL 2020 Regular Season,34616
Los Angeles Gladiators,Los Angeles Valiant,1,Four,10469
Houston Outlaws,Philadelphia Fusion,1,One,10227
Shanghai Dragons,Guangzhou Charge,2,Three,21396
Los Angeles Gladiators,Boston Uprising,2,Two,21353
Dallas Fuel,Philadelphia Fusion,1,One,10262
Florida Mayhem,New York Excelsior,1,One,10568
Shanghai Dragons,Philadelphia Fusion,1,Four,10460
Hangzhou Spark,Seoul Dynasty,3,OWL 2020 Regular Season,32842
Boston Uprising,Atlanta Reign,3,OWL 2020 Regular Season,31043
Toronto Defiant,Dallas Fuel,2,Two,21270
Boston Uprising,Houston Outlaws,1,Four,10450
Shanghai Dragons,Boston Uprising,1,Three,10369
Florida Mayhem,Houston Outlaws,1,Three,10360
Paris Eternal,San Francisco Shock,2,One,21236
Boston Uprising,Philadelphia Fusion,3,OWL 2020 Regular Season,34612
Houston Outlaws,Los Angeles Gladiators,1,Three,10376
Paris Eternal,Toronto Defiant,3,OWL 2020 Regular Season,30991
Philadelphia Fusion,Los Angeles Gladiators,2,Three,21393
Guangzhou Charge,Seoul Dynasty,3,OWL 2020 Regular Season,34515
Florida Mayhem,Seoul Dynasty,1,Two,10582
Shanghai Dragons,Florida Mayhem,1,Three,10364
Washington Justice,London Spitfire,3,OWL 2020 Regular Season,31018
San Francisco Shock,Vancouver Titans,2,One,21244
Boston Uprising,New York Excelsior,2,Four,21494
Paris Eternal,Vancouver Titans,2,One,21303
Seoul Dynasty,Hangzhou Spark,2,Three,21329
Paris Eternal,Philadelphia Fusion,3,OWL 2020 Regular Season,34227
Shanghai Dragons,Seoul Dynasty,3,OWL 2020 Regular Season,34224
Boston Uprising,Houston Outlaws,1,One,10574
Washington Justice,New York Excelsior,2,One,21127
Los Angeles Valiant,San Francisco Shock,2,Three - Title,20327
Washington Justice,Los Angeles Valiant,3,OWL 2020 Regular Season,34623
London Spitfire,Philadelphia Fusion,1,Three,10354
Houston Outlaws,Philadelphia Fusion,3,OWL 2020 Regular Season,34625
Houston Outlaws,Seoul Dynasty,1,Three,10598
Dallas Fuel,Boston Uprising,1,Two,10314
Washington Justice,Los Angeles Gladiators,3,OWL 2020 Regular Season,34493
London Spitfire,New York Excelsior,1,Four,10454
Dallas Fuel,London Spitfire,1,Two,10585
Chengdu Hunters,Guangzhou Charge,2,Three,21365
New York Excelsior,Vancouver Titans,2,Season 2 Championship,30156
Seoul Dynasty,New York Excelsior,3,OWL 2020 Regular Season,34634
Seoul Dynasty,London Spitfire,1,Four,10464
Shanghai Dragons,Chengdu Hunters,3,OWL 2020 Regular Season,31000
Dallas Fuel,London Spitfire,1,One,10243
Seoul Dynasty,New York Excelsior,2,One,21264
Chengdu Hunters,Guangzhou Charge,2,Season 2 Championship,30172
Los Angeles Gladiators,Vancouver Titans,2,Three,21376
Guangzhou Charge,Seoul Dynasty,2,Season 2 Championship,30176
San Francisco Shock,Houston Outlaws,2,Three,21392
San Francisco Shock,New York Excelsior,2,One,21255
Shanghai Dragons,Florida Mayhem,1,Four,10480
Los Angeles Valiant,Toronto Defiant,2,One,21180
Seoul Dynasty,Guangzhou Charge,3,OWL 2020 Regular Season,34622
Shanghai Dragons,Dallas Fuel,1,One,10564
Los Angeles Gladiators,San Francisco Shock,3,OWL 2020 Regular Season,32841
Toronto Defiant,Seoul Dynasty,2,Four,21426
Houston Outlaws,Guangzhou Charge,2,Two,21381
Houston Outlaws,Seoul Dynasty,1,One,10266
Los Angeles Valiant,Boston Uprising,1,Two,10322
Toronto Defiant,Los Angeles Gladiators,3,OWL 2020 Regular Season,34225
Los Angeles Valiant,New York Excelsior,1,Three - Title,10544
Houston Outlaws,New York Excelsior,2,Three,21354
Dallas Fuel,Los Angeles Valiant,1,Three,10351
Dallas Fuel,Los Angeles Gladiators,2,Four,21418
Seoul Dynasty,New York Excelsior,1,Four,10462
Florida Mayhem,Los Angeles Gladiators,1,One,10260
New York Excelsior,Philadelphia Fusion,1,Inaugural Championship,13131
San Francisco Shock,Vancouver Titans,2,One - Title,20306
Philadelphia Fusion,Boston Uprising,1,Three,10337
Washington Justice,London Spitfire,2,Three,21404
Seoul Dynasty,Vancouver Titans,2,One - Title,20305
Chengdu Hunters,Los Angeles Gladiators,2,Two,21333
Houston Outlaws,Shanghai Dragons,2,Two,21280
Dallas Fuel,San Francisco Shock,2,Four,21502
Los Angeles Gladiators,Shanghai Dragons,2,Three,21308
Shanghai Dragons,Dallas Fuel,2,One,21226
Guangzhou Charge,Hangzhou Spark,3,OWL 2020 Regular Season,32833
Dallas Fuel,Los Angeles Gladiators,1,Four,10449
Shanghai Dragons,San Francisco Shock,1,Two,10301
Shanghai Dragons,San Francisco Shock,2,Two,21316
Washington Justice,Hangzhou Spark,2,Three,21384
Paris Eternal,Chengdu Hunters,2,Two,21220
Houston Outlaws,Atlanta Reign,2,Four,21435
Boston Uprising,Philadelphia Fusion,2,Three,21310
Florida Mayhem,London Spitfire,1,Two,10293
Philadelphia Fusion,New York Excelsior,2,Two,21313
Guangzhou Charge,London Spitfire,2,Four,21472
Boston Uprising,Philadelphia Fusion,2,Three,21337
Philadelphia Fusion,London Spitfire,2,Two,21332
Atlanta Reign,Los Angeles Valiant,3,OWL 2020 Regular Season,34231
Philadelphia Fusion,Dallas Fuel,2,One,21282
Seoul Dynasty,Hangzhou Spark,3,OWL 2020 Regular Season,34229
Toronto Defiant,Atlanta Reign,2,One,21178
Hangzhou Spark,San Francisco Shock,2,Two - Title,20315
Shanghai Dragons,Philadelphia Fusion,1,Three,10380
Seoul Dynasty,Guangzhou Charge,3,OWL 2020 Regular Season,34234
New York Excelsior,Los Angeles Valiant,1,Four - Title,10548
London Spitfire,Los Angeles Gladiators,1,Two,10311
Shanghai Dragons,London Spitfire,1,Three,10597
Houston Outlaws,Boston Uprising,3,OWL 2020 Regular Season,31011
Los Angeles Gladiators,Boston Uprising,3,OWL 2020 Regular Season,34521
Hangzhou Spark,New York Excelsior,3,OWL 2020 Regular Season,34192
Philadelphia Fusion,New York Excelsior,2,Two,21285
Dallas Fuel,Houston Outlaws,1,Three,10368
Shanghai Dragons,New York Excelsior,1,Four,10465
London Spitfire,Houston Outlaws,1,Two,10281
Seoul Dynasty,Vancouver Titans,2,Two,21248
Boston Uprising,Houston Outlaws,2,Three,21377
Los Angeles Gladiators,San Francisco Shock,2,Four,21491
Chengdu Hunters,Guangzhou Charge,3,OWL 2020 Regular Season,34129
Washington Justice,Los Angeles Gladiators,3,OWL 2020 Regular Season,34603
Houston Outlaws,Philadelphia Fusion,2,Four,21443
Atlanta Reign,Paris Eternal,3,OWL 2020 Regular Season,31030
Los Angeles Valiant,Guangzhou Charge,2,One,21225
Los Angeles Valiant,Houston Outlaws,2,One,21216
Shanghai Dragons,New York Excelsior,2,Two,21229
Los Angeles Valiant,Dallas Fuel,2,Two,21345
Toronto Defiant,Los Angeles Gladiators,2,Three,21370
London Spitfire,Los Angeles Gladiators,1,Inaugural Championship,13124
London Spitfire,Los Angeles Gladiators,1,Three,10372
Hangzhou Spark,Shanghai Dragons,3,OWL 2020 Regular Season,34602
Seoul Dynasty,Vancouver Titans,2,Two,21315
Philadelphia Fusion,San Francisco Shock,1,Three,10363
Los Angeles Valiant,Vancouver Titans,2,One,21224
Atlanta Reign,London Spitfire,2,Two,21276
Philadelphia Fusion,Hangzhou Spark,2,Three,21349
Atlanta Reign,New York Excelsior,2,Season 2 Championship,30163
Seoul Dynasty,Philadelphia Fusion,2,Four,21428
Paris Eternal,Toronto Defiant,2,Two,21299
San Francisco Shock,Los Angeles Valiant,1,Four,10622
Los Angeles Valiant,Vancouver Titans,3,OWL 2020 Regular Season,30997
Dallas Fuel,Houston Outlaws,1,Four,10481
Houston Outlaws,Boston Uprising,1,Three,10343
Los Angeles Valiant,London Spitfire,1,Three,10366
Florida Mayhem,San Francisco Shock,1,Three,10591
Houston Outlaws,Los Angeles Gladiators,1,Two,10319
London Spitfire,Paris Eternal,2,One,21209
Seoul Dynasty,San Francisco Shock,1,Four,10451
Boston Uprising,Houston Outlaws,1,Two,10288
Boston Uprising,Washington Justice,2,Four,21409
Washington Justice,Chengdu Hunters,2,Two,21239
Shanghai Dragons,Houston Outlaws,1,Two,10578
Florida Mayhem,New York Excelsior,2,Two,21323
Vancouver Titans,San Francisco Shock,2,Two - Title,20316
Seoul Dynasty,Chengdu Hunters,3,OWL 2020 Regular Season,34194
Houston Outlaws,Boston Uprising,2,One,21213
Washington Justice,New York Excelsior,3,OWL 2020 Regular Season,31044
New York Excelsior,Vancouver Titans,2,Four,21513
Los Angeles Valiant,Boston Uprising,1,Three,10592
Los Angeles Gladiators,Dallas Fuel,1,One,10570
Los Angeles Gladiators,New York Excelsior,2,Two - Title,20313
Vancouver Titans,Houston Outlaws,3,OWL 2020 Regular Season,34191
Hangzhou Spark,Guangzhou Charge,3,OWL 2020 Regular Season,34615
Los Angeles Gladiators,London Spitfire,1,Inaugural Championship,13126
Paris Eternal,London Spitfire,2,Two,21352
Toronto Defiant,Houston Outlaws,3,OWL 2020 Regular Season,31093
Hangzhou Spark,Guangzhou Charge,3,OWL 2020 Regular Season,31058
London Spitfire,Houston Outlaws,1,One,10569
New York Excelsior,Atlanta Reign,2,Two,21363
San Francisco Shock,Philadelphia Fusion,1,One,10235
Los Angeles Gladiators,Vancouver Titans,3,OWL 2020 Regular Season,30993
Boston Uprising,London Spitfire,1,Four,10470
Hangzhou Spark,Los Angeles Valiant,2,Three - Title,20324
Washington Justice,Toronto Defiant,3,OWL 2020 Regular Season,31054
Hangzhou Spark,Atlanta Reign,2,Four,21462
Atlanta Reign,Florida Mayhem,3,OWL 2020 Regular Season,34504
London Spitfire,Guangzhou Charge,3,OWL 2020 Regular Season,34198
Boston Uprising,Paris Eternal,3,OWL 2020 Regular Season,34633
Florida Mayhem,Philadelphia Fusion,1,Four,10452
San Francisco Shock,Los Angeles Gladiators,1,One,10565
Dallas Fuel,Atlanta Reign,2,Four,21485
Los Angeles Valiant,London Spitfire,1,Inaugural Championship,13128
Paris Eternal,Boston Uprising,2,Three,21379
Boston Uprising,Los Angeles Valiant,2,Four,21503
New York Excelsior,Hangzhou Spark,3,OWL 2020 Regular Season,34620
Shanghai Dragons,London Spitfire,1,One,10268
Atlanta Reign,San Francisco Shock,3,OWL 2020 Regular Season,34531
Toronto Defiant,Houston Outlaws,3,OWL 2020 Regular Season,31032
San Francisco Shock,London Spitfire,1,Two,10321
Philadelphia Fusion,San Francisco Shock,3,OWL 2020 Regular Season,34626
Houston Outlaws,Los Angeles Valiant,1,Four,10490
Los Angeles Valiant,San Francisco Shock,3,OWL 2020 Regular Season,32804
Los Angeles Valiant,San Francisco Shock,2,Four,21515
Shanghai Dragons,Los Angeles Gladiators,1,Three,10345
Florida Mayhem,Paris Eternal,2,Two,21257
Seoul Dynasty,Los Angeles Valiant,1,Four,10444
Guangzhou Charge,New York Excelsior,3,OWL 2020 Regular Season,32824
Philadelphia Fusion,Dallas Fuel,1,Four,10466
Seoul Dynasty,Dallas Fuel,2,One,21271
Boston Uprising,Florida Mayhem,3,OWL 2020 Regular Season,34226
Guangzhou Charge,Paris Eternal,2,Two,21294
Paris Eternal,Los Angeles Valiant,2,Four,21481
New York Excelsior,Los Angeles Gladiators,1,Four,10483
Houston Outlaws,Dallas Fuel,3,OWL 2020 Regular Season,34494
Paris Eternal,Philadelphia Fusion,2,One,21256
Seoul Dynasty,Houston Outlaws,1,Two,10579
San Francisco Shock,Los Angeles Gladiators,3,OWL 2020 Regular Season,32813
Florida Mayhem,Los Angeles Valiant,1,One,10257
Houston Outlaws,Dallas Fuel,3,OWL 2020 Regular Season,32822
Boston Uprising,Toronto Defiant,2,One,21302
Boston Uprising,New York Excelsior,1,Three - Title,10545
Hangzhou Spark,Shanghai Dragons,3,OWL 2020 Regular Season,34130
Toronto Defiant,Atlanta Reign,3,OWL 2020 Regular Season,34618
New York Excelsior,Atlanta Reign,2,Two,21324
Los Angeles Valiant,New York Excelsior,1,One,10239
Seoul Dynasty,San Francisco Shock,2,Three,21327
Toronto Defiant,Paris Eternal,2,Three,21391
Philadelphia Fusion,Los Angeles Valiant,1,Three,10599
Florida Mayhem,Paris Eternal,2,Three,21307
London Spitfire,Philadelphia Fusion,1,Two - Title,10540
Dallas Fuel,San Francisco Shock,1,Four,10471
San Francisco Shock,Seoul Dynasty,1,Three,10341
Los Angeles Valiant,San Francisco Shock,3,OWL 2020 Regular Season,34505
Seoul Dynasty,Los Angeles Gladiators,1,Four,10628
Washington Justice,New York Excelsior,2,Two,21230
Seoul Dynasty,Shanghai Dragons,3,OWL 2020 Regular Season,32825
Florida Mayhem,Washington Justice,2,One,21228
Florida Mayhem,Shanghai Dragons,2,Two,21279
Washington Justice,Paris Eternal,2,One,21227
Seoul Dynasty,Los Angeles Valiant,1,One,10566
Boston Uprising,San Francisco Shock,1,One,10246
Florida Mayhem,London Spitfire,2,Two,21237
Philadelphia Fusion,New York Excelsior,1,Three,10362
Atlanta Reign,Vancouver Titans,2,Three,21366
Dallas Fuel,Philadelphia Fusion,3,OWL 2020 Regular Season,34197
Florida Mayhem,Dallas Fuel,1,Four,10486
London Spitfire,Shanghai Dragons,3,OWL 2020 Regular Season,34514
London Spitfire,Hangzhou Spark,3,OWL 2020 Regular Season,34128
Boston Uprising,Vancouver Titans,2,One - Title,20302
Shanghai Dragons,San Francisco Shock,2,Four,21445
Florida Mayhem,Washington Justice,2,Four,21359
Dallas Fuel,San Francisco Shock,1,Two,10303
Washington Justice,Dallas Fuel,3,OWL 2020 Regular Season,34232
Shanghai Dragons,Paris Eternal,2,Four,21493
London Spitfire,New York Excelsior,1,One,10573
Los Angeles Gladiators,Houston Outlaws,3,OWL 2020 Regular Season,34617
Boston Uprising,San Francisco Shock,2,Three,21378
Philadelphia Fusion,Paris Eternal,2,Four,21360
Los Angeles Valiant,Florida Mayhem,1,Two,10318
Washington Justice,Shanghai Dragons,2,Two,21346
Dallas Fuel,Florida Mayhem,1,Two,10313
Philadelphia Fusion,London Spitfire,1,One,10232
Los Angeles Valiant,Philadelphia Fusion,2,One,21246
San Francisco Shock,Seoul Dynasty,1,One,10571
New York Excelsior,London Spitfire,1,One - Title,10539
Philadelphia Fusion,Chengdu Hunters,2,Four,21471
Houston Outlaws,Chengdu Hunters,2,Four,21459
Houston Outlaws,New York Excelsior,1,One,10233
Los Angeles Gladiators,Boston Uprising,1,One,10267
Seoul Dynasty,London Spitfire,1,One,10264
Shanghai Dragons,Dallas Fuel,1,Two,10279
Guangzhou Charge,Shanghai Dragons,2,Three,21441
Boston Uprising,Washington Justice,3,OWL 2020 Regular Season,34745
Dallas Fuel,San Francisco Shock,3,OWL 2020 Regular Season,32853
Toronto Defiant,Florida Mayhem,2,Four,21460
Shanghai Dragons,Florida Mayhem,1,One,10242
Atlanta Reign,Seoul Dynasty,2,Three,21355
San Francisco Shock,Florida Mayhem,1,Two,10577
Toronto Defiant,Atlanta Reign,3,OWL 2020 Regular Season,34492
Los Angeles Valiant,Philadelphia Fusion,1,Two,10583
Paris Eternal,Atlanta Reign,2,Four,21434
Florida Mayhem,Philadelphia Fusion,2,Two,21247
Toronto Defiant,Los Angeles Valiant,3,OWL 2020 Regular Season,34202
London Spitfire,Philadelphia Fusion,1,Four,10630
Dallas Fuel,Los Angeles Gladiators,3,OWL 2020 Regular Season,31071
New York Excelsior,Boston Uprising,1,Four,10626
Seoul Dynasty,Los Angeles Gladiators,1,Three,10353
Atlanta Reign,Philadelphia Fusion,3,OWL 2020 Regular Season,32828
Boston Uprising,Washington Justice,3,OWL 2020 Regular Season,31038
Chengdu Hunters,Los Angeles Gladiators,2,Four,21400
Atlanta Reign,Chengdu Hunters,2,One,21304
Florida Mayhem,San Francisco Shock,1,One,10265
Guangzhou Charge,Chengdu Hunters,3,OWL 2020 Regular Season,32851
Toronto Defiant,San Francisco Shock,2,One - Title,20304
Shanghai Dragons,New York Excelsior,1,One,10263
